race_id,season,round,date,race_name,circuit_id,circuit_name,driver_id,driver_name,constructor,grid,qualifying,sprint_position,finish_position,points,status,is_finished,is_win,is_podium,is_top10,best_clean_lap,avg_best_35pct_lap,lap_consistency,valid_laps,pit_stop_count,avg_pit_duration,min_pit_duration
2018-1,2018,1,2018-03-25T10:40:00+05:30,Australian Grand Prix,albert_park,Albert Park Grand Prix Circuit,vettel,Sebastian Vettel,Ferrari,3,3,,1,25.0,Finished,1,1,1,1,,,,0,1,21.787,21.787
2018-1,2018,1,2018-03-25T10:40:00+05:30,Australian Grand Prix,albert_park,Albert Park Grand Prix Circuit,hamilton,Lewis Hamilton,Mercedes,1,1,,2,18.0,Finished,1,0,1,1,,,,0,1,21.821,21.821
2018-1,2018,1,2018-03-25T10:40:00+05:30,Australian Grand Prix,albert_park,Albert Park Grand Prix Circuit,raikkonen,Kimi Räikkönen,Ferrari,2,2,,3,15.0,Finished,1,0,1,1,,,,0,1,21.421,21.421
2018-1,2018,1,2018-03-25T10:40:00+05:30,Australian Grand Prix,albert_park,Albert Park Grand Prix Circuit,ricciardo,Daniel Ricciardo,Red Bull,8,5,,4,12.0,Finished,1,0,0,1,,,,0,1,21.44,21.44
2018-1,2018,1,2018-03-25T10:40:00+05:30,Australian Grand Prix,albert_park,Albert Park Grand Prix Circuit,alonso,Fernando Alonso,McLaren,10,11,,5,10.0,Finished,1,0,0,1,,,,0,1,22.573,22.573
2018-1,2018,1,2018-03-25T10:40:00+05:30,Australian Grand Prix,albert_park,Albert Park Grand Prix Circuit,max_verstappen,Max Verstappen,Red Bull,4,4,,6,8.0,Finished,1,0,0,1,,,,0,1,20.953,20.953
2018-1,2018,1,2018-03-25T10:40:00+05:30,Australian Grand Prix,albert_park,Albert Park Grand Prix Circuit,hulkenberg,Nico Hülkenberg,Renault,7,8,,7,6.0,Finished,1,0,0,1,,,,0,1,22.628,22.628
2018-1,2018,1,2018-03-25T10:40:00+05:30,Australian Grand Prix,albert_park,Albert Park Grand Prix Circuit,bottas,Valtteri Bottas,Mercedes,15,10,,8,4.0,Finished,1,0,0,1,,,,0,1,21.664,21.664
2018-1,2018,1,2018-03-25T10:40:00+05:30,Australian Grand Prix,albert_park,Albert Park Grand Prix Circuit,vandoorne,Stoffel Vandoorne,McLaren,11,12,,9,2.0,Finished,1,0,0,1,,,,0,1,22.474,22.474
2018-1,2018,1,2018-03-25T10:40:00+05:30,Australian Grand Prix,albert_park,Albert Park Grand Prix Circuit,sainz,Carlos Sainz,Renault,9,9,,10,1.0,Finished,1,0,0,1,,,,0,1,23.868,23.868
2018-1,2018,1,2018-03-25T10:40:00+05:30,Australian Grand Prix,albert_park,Albert Park Grand Prix Circuit,perez,Sergio Pérez,Force India,12,13,,11,0.0,Finished,1,0,0,0,,,,0,1,22.327,22.327
2018-1,2018,1,2018-03-25T10:40:00+05:30,Australian Grand Prix,albert_park,Albert Park Grand Prix Circuit,ocon,Esteban Ocon,Force India,14,15,,12,0.0,Finished,1,0,0,0,,,,0,1,21.854,21.854
2018-1,2018,1,2018-03-25T10:40:00+05:30,Australian Grand Prix,albert_park,Albert Park Grand Prix Circuit,leclerc,Charles Leclerc,Sauber,18,18,,13,0.0,Finished,1,0,0,0,,,,0,2,22.539,22.242
2018-1,2018,1,2018-03-25T10:40:00+05:30,Australian Grand Prix,albert_park,Albert Park Grand Prix Circuit,stroll,Lance Stroll,Williams,13,14,,14,0.0,Finished,1,0,0,0,,,,0,2,23.450499999999998,21.397
2018-1,2018,1,2018-03-25T10:40:00+05:30,Australian Grand Prix,albert_park,Albert Park Grand Prix Circuit,brendon_hartley,Brendon Hartley,Toro Rosso,16,16,,15,0.0,+1 Lap,1,0,0,0,,,,0,2,22.2545,22.213
2018-1,2018,1,2018-03-25T10:40:00+05:30,Australian Grand Prix,albert_park,Albert Park Grand Prix Circuit,grosjean,Romain Grosjean,Haas F1 Team,6,7,,16,0.0,Wheel,0,0,0,0,,,,0,1,23.054,23.054
2018-1,2018,1,2018-03-25T10:40:00+05:30,Australian Grand Prix,albert_park,Albert Park Grand Prix Circuit,kevin_magnussen,Kevin Magnussen,Haas F1 Team,5,6,,17,0.0,Wheel,0,0,0,0,,,,0,1,21.983,21.983
2018-1,2018,1,2018-03-25T10:40:00+05:30,Australian Grand Prix,albert_park,Albert Park Grand Prix Circuit,gasly,Pierre Gasly,Toro Rosso,20,20,,18,0.0,Engine,0,0,0,0,,,,0,0,,
2018-1,2018,1,2018-03-25T10:40:00+05:30,Australian Grand Prix,albert_park,Albert Park Grand Prix Circuit,ericsson,Marcus Ericsson,Sauber,17,17,,19,0.0,Steering,0,0,0,0,,,,0,0,,
2018-1,2018,1,2018-03-25T10:40:00+05:30,Australian Grand Prix,albert_park,Albert Park Grand Prix Circuit,sirotkin,Sergey Sirotkin,Williams,19,19,,20,0.0,Brakes,0,0,0,0,,,,0,0,,
2018-2,2018,2,2018-04-08T20:40:00+05:30,Bahrain Grand Prix,bahrain,Bahrain International Circuit,vettel,Sebastian Vettel,Ferrari,1,1,,1,25.0,Finished,1,1,1,1,,,,0,1,24.524,24.524
2018-2,2018,2,2018-04-08T20:40:00+05:30,Bahrain Grand Prix,bahrain,Bahrain International Circuit,bottas,Valtteri Bottas,Mercedes,3,3,,2,18.0,Finished,1,0,1,1,,,,0,1,26.105,26.105
2018-2,2018,2,2018-04-08T20:40:00+05:30,Bahrain Grand Prix,bahrain,Bahrain International Circuit,hamilton,Lewis Hamilton,Mercedes,9,4,,3,15.0,Finished,1,0,1,1,,,,0,1,24.302,24.302
2018-2,2018,2,2018-04-08T20:40:00+05:30,Bahrain Grand Prix,bahrain,Bahrain International Circuit,gasly,Pierre Gasly,Toro Rosso,5,6,,4,12.0,Finished,1,0,0,1,,,,0,2,24.896,24.835
2018-2,2018,2,2018-04-08T20:40:00+05:30,Bahrain Grand Prix,bahrain,Bahrain International Circuit,kevin_magnussen,Kevin Magnussen,Haas F1 Team,6,7,,5,10.0,Finished,1,0,0,1,,,,0,2,24.8675,24.629
2018-2,2018,2,2018-04-08T20:40:00+05:30,Bahrain Grand Prix,bahrain,Bahrain International Circuit,hulkenberg,Nico Hülkenberg,Renault,7,8,,6,8.0,Finished,1,0,0,1,,,,0,2,24.418,24.382
2018-2,2018,2,2018-04-08T20:40:00+05:30,Bahrain Grand Prix,bahrain,Bahrain International Circuit,alonso,Fernando Alonso,McLaren,13,13,,7,6.0,+1 Lap,1,0,0,1,,,,0,2,24.787,24.581
2018-2,2018,2,2018-04-08T20:40:00+05:30,Bahrain Grand Prix,bahrain,Bahrain International Circuit,vandoorne,Stoffel Vandoorne,McLaren,14,14,,8,4.0,+1 Lap,1,0,0,1,,,,0,2,25.106,25.081
2018-2,2018,2,2018-04-08T20:40:00+05:30,Bahrain Grand Prix,bahrain,Bahrain International Circuit,ericsson,Marcus Ericsson,Sauber,17,17,,9,2.0,+1 Lap,1,0,0,1,,,,0,1,25.194,25.194
2018-2,2018,2,2018-04-08T20:40:00+05:30,Bahrain Grand Prix,bahrain,Bahrain International Circuit,ocon,Esteban Ocon,Force India,8,9,,10,1.0,+1 Lap,1,0,0,1,,,,0,2,24.6575,24.596
2018-2,2018,2,2018-04-08T20:40:00+05:30,Bahrain Grand Prix,bahrain,Bahrain International Circuit,sainz,Carlos Sainz,Renault,10,10,,11,0.0,+1 Lap,1,0,0,0,,,,0,2,25.5375,25.307
2018-2,2018,2,2018-04-08T20:40:00+05:30,Bahrain Grand Prix,bahrain,Bahrain International Circuit,leclerc,Charles Leclerc,Sauber,19,19,,12,0.0,+1 Lap,1,0,0,0,,,,0,2,25.351,25.139
2018-2,2018,2,2018-04-08T20:40:00+05:30,Bahrain Grand Prix,bahrain,Bahrain International Circuit,grosjean,Romain Grosjean,Haas F1 Team,16,16,,13,0.0,+1 Lap,1,0,0,0,,,,0,2,25.269,25.011
2018-2,2018,2,2018-04-08T20:40:00+05:30,Bahrain Grand Prix,bahrain,Bahrain International Circuit,stroll,Lance Stroll,Williams,20,20,,14,0.0,+1 Lap,1,0,0,0,,,,0,2,29.125,24.638
2018-2,2018,2,2018-04-08T20:40:00+05:30,Bahrain Grand Prix,bahrain,Bahrain International Circuit,sirotkin,Sergey Sirotkin,Williams,18,18,,15,0.0,+1 Lap,1,0,0,0,,,,0,1,24.672,24.672
2018-2,2018,2,2018-04-08T20:40:00+05:30,Bahrain Grand Prix,bahrain,Bahrain International Circuit,perez,Sergio Pérez,Force India,12,12,,16,0.0,+1 Lap,1,0,0,0,,,,0,2,24.8345,24.677
2018-2,2018,2,2018-04-08T20:40:00+05:30,Bahrain Grand Prix,bahrain,Bahrain International Circuit,brendon_hartley,Brendon Hartley,Toro Rosso,11,11,,17,0.0,+1 Lap,1,0,0,0,,,,0,1,36.646,36.646
2018-2,2018,2,2018-04-08T20:40:00+05:30,Bahrain Grand Prix,bahrain,Bahrain International Circuit,raikkonen,Kimi Räikkönen,Ferrari,2,2,,18,0.0,Wheel,0,0,0,0,,,,0,1,25.018,25.018
2018-2,2018,2,2018-04-08T20:40:00+05:30,Bahrain Grand Prix,bahrain,Bahrain International Circuit,max_verstappen,Max Verstappen,Red Bull,15,15,,19,0.0,Puncture,0,0,0,0,,,,0,1,30.381,30.381
2018-2,2018,2,2018-04-08T20:40:00+05:30,Bahrain Grand Prix,bahrain,Bahrain International Circuit,ricciardo,Daniel Ricciardo,Red Bull,4,5,,20,0.0,Electrical,0,0,0,0,,,,0,0,,
2018-3,2018,3,2018-04-15T11:40:00+05:30,Chinese Grand Prix,shanghai,Shanghai International Circuit,ricciardo,Daniel Ricciardo,Red Bull,6,6,,1,25.0,Finished,1,1,1,1,,,,0,2,22.866500000000002,22.691
2018-3,2018,3,2018-04-15T11:40:00+05:30,Chinese Grand Prix,shanghai,Shanghai International Circuit,bottas,Valtteri Bottas,Mercedes,3,3,,2,18.0,Finished,1,0,1,1,,,,0,1,22.097,22.097
2018-3,2018,3,2018-04-15T11:40:00+05:30,Chinese Grand Prix,shanghai,Shanghai International Circuit,raikkonen,Kimi Räikkönen,Ferrari,2,2,,3,15.0,Finished,1,0,1,1,,,,0,1,22.913,22.913
2018-3,2018,3,2018-04-15T11:40:00+05:30,Chinese Grand Prix,shanghai,Shanghai International Circuit,hamilton,Lewis Hamilton,Mercedes,4,4,,4,12.0,Finished,1,0,0,1,,,,0,1,22.464,22.464
2018-3,2018,3,2018-04-15T11:40:00+05:30,Chinese Grand Prix,shanghai,Shanghai International Circuit,max_verstappen,Max Verstappen,Red Bull,5,5,,5,10.0,Finished,1,0,0,1,,,,0,2,22.6555,22.596
2018-3,2018,3,2018-04-15T11:40:00+05:30,Chinese Grand Prix,shanghai,Shanghai International Circuit,hulkenberg,Nico Hülkenberg,Renault,7,7,,6,8.0,Finished,1,0,0,1,,,,0,2,23.4755,23.297
2018-3,2018,3,2018-04-15T11:40:00+05:30,Chinese Grand Prix,shanghai,Shanghai International Circuit,alonso,Fernando Alonso,McLaren,13,13,,7,6.0,Finished,1,0,0,1,,,,0,1,24.11,24.11
2018-3,2018,3,2018-04-15T11:40:00+05:30,Chinese Grand Prix,shanghai,Shanghai International Circuit,vettel,Sebastian Vettel,Ferrari,1,1,,8,4.0,Finished,1,0,0,1,,,,0,1,23.009,23.009
2018-3,2018,3,2018-04-15T11:40:00+05:30,Chinese Grand Prix,shanghai,Shanghai International Circuit,sainz,Carlos Sainz,Renault,9,9,,9,2.0,Finished,1,0,0,1,,,,0,2,23.526,23.117
2018-3,2018,3,2018-04-15T11:40:00+05:30,Chinese Grand Prix,shanghai,Shanghai International Circuit,kevin_magnussen,Kevin Magnussen,Haas F1 Team,11,11,,10,1.0,Finished,1,0,0,1,,,,0,1,22.973,22.973
2018-3,2018,3,2018-04-15T11:40:00+05:30,Chinese Grand Prix,shanghai,Shanghai International Circuit,ocon,Esteban Ocon,Force India,12,12,,11,0.0,Finished,1,0,0,0,,,,0,2,22.959,22.637
2018-3,2018,3,2018-04-15T11:40:00+05:30,Chinese Grand Prix,shanghai,Shanghai International Circuit,perez,Sergio Pérez,Force India,8,8,,12,0.0,Finished,1,0,0,0,,,,0,2,22.595,22.334
2018-3,2018,3,2018-04-15T11:40:00+05:30,Chinese Grand Prix,shanghai,Shanghai International Circuit,vandoorne,Stoffel Vandoorne,McLaren,14,14,,13,0.0,Finished,1,0,0,0,,,,0,1,23.73,23.73
2018-3,2018,3,2018-04-15T11:40:00+05:30,Chinese Grand Prix,shanghai,Shanghai International Circuit,stroll,Lance Stroll,Williams,18,18,,14,0.0,Finished,1,0,0,0,,,,0,1,22.661,22.661
2018-3,2018,3,2018-04-15T11:40:00+05:30,Chinese Grand Prix,shanghai,Shanghai International Circuit,sirotkin,Sergey Sirotkin,Williams,16,16,,15,0.0,Finished,1,0,0,0,,,,0,2,23.2195,22.723
2018-3,2018,3,2018-04-15T11:40:00+05:30,Chinese Grand Prix,shanghai,Shanghai International Circuit,ericsson,Marcus Ericsson,Sauber,20,20,,16,0.0,Finished,1,0,0,0,,,,0,1,22.785,22.785
2018-3,2018,3,2018-04-15T11:40:00+05:30,Chinese Grand Prix,shanghai,Shanghai International Circuit,grosjean,Romain Grosjean,Haas F1 Team,10,10,,17,0.0,Finished,1,0,0,0,,,,0,2,23.358,22.981
2018-3,2018,3,2018-04-15T11:40:00+05:30,Chinese Grand Prix,shanghai,Shanghai International Circuit,gasly,Pierre Gasly,Toro Rosso,17,17,,18,0.0,Finished,1,0,0,0,,,,0,2,29.299999999999997,23.95
2018-3,2018,3,2018-04-15T11:40:00+05:30,Chinese Grand Prix,shanghai,Shanghai International Circuit,leclerc,Charles Leclerc,Sauber,19,19,,19,0.0,Finished,1,0,0,0,,,,0,1,23.392,23.392
2018-3,2018,3,2018-04-15T11:40:00+05:30,Chinese Grand Prix,shanghai,Shanghai International Circuit,brendon_hartley,Brendon Hartley,Toro Rosso,15,15,,20,0.0,Collision damage,0,0,0,0,,,,0,2,23.621000000000002,23.172
2018-4,2018,4,2018-04-29T17:40:00+05:30,Azerbaijan Grand Prix,baku,Baku City Circuit,hamilton,Lewis Hamilton,Mercedes,2,2,,1,25.0,Finished,1,1,1,1,,,,0,2,20.853,20.377
2018-4,2018,4,2018-04-29T17:40:00+05:30,Azerbaijan Grand Prix,baku,Baku City Circuit,raikkonen,Kimi Räikkönen,Ferrari,6,6,,2,18.0,Finished,1,0,1,1,,,,0,2,25.5805,21.149
2018-4,2018,4,2018-04-29T17:40:00+05:30,Azerbaijan Grand Prix,baku,Baku City Circuit,perez,Sergio Pérez,Force India,8,8,,3,15.0,Finished,1,0,1,1,,,,0,2,27.1415,26.174
2018-4,2018,4,2018-04-29T17:40:00+05:30,Azerbaijan Grand Prix,baku,Baku City Circuit,vettel,Sebastian Vettel,Ferrari,1,1,,4,12.0,Finished,1,0,0,1,,,,0,2,20.43,20.037
2018-4,2018,4,2018-04-29T17:40:00+05:30,Azerbaijan Grand Prix,baku,Baku City Circuit,sainz,Carlos Sainz,Renault,9,10,,5,10.0,Finished,1,0,0,1,,,,0,1,21.516,21.516
2018-4,2018,4,2018-04-29T17:40:00+05:30,Azerbaijan Grand Prix,baku,Baku City Circuit,leclerc,Charles Leclerc,Sauber,13,14,,6,8.0,Finished,1,0,0,1,,,,0,1,21.058,21.058
2018-4,2018,4,2018-04-29T17:40:00+05:30,Azerbaijan Grand Prix,baku,Baku City Circuit,alonso,Fernando Alonso,McLaren,12,13,,7,6.0,Finished,1,0,0,1,,,,0,1,56.71,56.71
2018-4,2018,4,2018-04-29T17:40:00+05:30,Azerbaijan Grand Prix,baku,Baku City Circuit,stroll,Lance Stroll,Williams,10,11,,8,4.0,Finished,1,0,0,1,,,,0,1,19.737,19.737
2018-4,2018,4,2018-04-29T17:40:00+05:30,Azerbaijan Grand Prix,baku,Baku City Circuit,vandoorne,Stoffel Vandoorne,McLaren,16,16,,9,2.0,Finished,1,0,0,1,,,,0,3,20.916666666666668,20.76
2018-4,2018,4,2018-04-29T17:40:00+05:30,Azerbaijan Grand Prix,baku,Baku City Circuit,brendon_hartley,Brendon Hartley,Toro Rosso,19,19,,10,1.0,Finished,1,0,0,1,,,,0,3,21.08566666666667,20.809
2018-4,2018,4,2018-04-29T17:40:00+05:30,Azerbaijan Grand Prix,baku,Baku City Circuit,ericsson,Marcus Ericsson,Sauber,18,18,,11,0.0,Finished,1,0,0,0,,,,0,3,34.038000000000004,25.378
2018-4,2018,4,2018-04-29T17:40:00+05:30,Azerbaijan Grand Prix,baku,Baku City Circuit,gasly,Pierre Gasly,Toro Rosso,17,17,,12,0.0,Finished,1,0,0,0,,,,0,2,21.0345,20.782
2018-4,2018,4,2018-04-29T17:40:00+05:30,Azerbaijan Grand Prix,baku,Baku City Circuit,kevin_magnussen,Kevin Magnussen,Haas F1 Team,15,15,,13,0.0,Finished,1,0,0,0,,,,0,2,28.692999999999998,21.778
2018-4,2018,4,2018-04-29T17:40:00+05:30,Azerbaijan Grand Prix,baku,Baku City Circuit,bottas,Valtteri Bottas,Mercedes,3,3,,14,0.0,Puncture,0,0,0,0,,,,0,1,20.192,20.192
2018-4,2018,4,2018-04-29T17:40:00+05:30,Azerbaijan Grand Prix,baku,Baku City Circuit,grosjean,Romain Grosjean,Haas F1 Team,20,20,,15,0.0,Accident,0,0,0,0,,,,0,2,22.241,21.725
2018-4,2018,4,2018-04-29T17:40:00+05:30,Azerbaijan Grand Prix,baku,Baku City Circuit,max_verstappen,Max Verstappen,Red Bull,5,5,,16,0.0,Collision,0,0,0,0,,,,0,1,19.765,19.765
2018-4,2018,4,2018-04-29T17:40:00+05:30,Azerbaijan Grand Prix,baku,Baku City Circuit,ricciardo,Daniel Ricciardo,Red Bull,4,4,,17,0.0,Collision,0,0,0,0,,,,0,1,19.925,19.925
2018-4,2018,4,2018-04-29T17:40:00+05:30,Azerbaijan Grand Prix,baku,Baku City Circuit,hulkenberg,Nico Hülkenberg,Renault,14,9,,18,0.0,Accident,0,0,0,0,,,,0,0,,
2018-4,2018,4,2018-04-29T17:40:00+05:30,Azerbaijan Grand Prix,baku,Baku City Circuit,ocon,Esteban Ocon,Force India,7,7,,19,0.0,Collision,0,0,0,0,,,,0,0,,
2018-4,2018,4,2018-04-29T17:40:00+05:30,Azerbaijan Grand Prix,baku,Baku City Circuit,sirotkin,Sergey Sirotkin,Williams,11,12,,20,0.0,Collision,0,0,0,0,,,,0,0,,
2018-5,2018,5,2018-05-13T18:40:00+05:30,Spanish Grand Prix,catalunya,Circuit de Barcelona-Catalunya,hamilton,Lewis Hamilton,Mercedes,1,1,,1,25.0,Finished,1,1,1,1,,,,0,1,22.085,22.085
2018-5,2018,5,2018-05-13T18:40:00+05:30,Spanish Grand Prix,catalunya,Circuit de Barcelona-Catalunya,bottas,Valtteri Bottas,Mercedes,2,2,,2,18.0,Finished,1,0,1,1,,,,0,1,23.213,23.213
2018-5,2018,5,2018-05-13T18:40:00+05:30,Spanish Grand Prix,catalunya,Circuit de Barcelona-Catalunya,max_verstappen,Max Verstappen,Red Bull,5,5,,3,15.0,Finished,1,0,1,1,,,,0,1,21.74,21.74
2018-5,2018,5,2018-05-13T18:40:00+05:30,Spanish Grand Prix,catalunya,Circuit de Barcelona-Catalunya,vettel,Sebastian Vettel,Ferrari,3,3,,4,12.0,Finished,1,0,0,1,,,,0,2,23.1635,22.054
2018-5,2018,5,2018-05-13T18:40:00+05:30,Spanish Grand Prix,catalunya,Circuit de Barcelona-Catalunya,ricciardo,Daniel Ricciardo,Red Bull,6,6,,5,10.0,Finished,1,0,0,1,,,,0,1,21.618,21.618
2018-5,2018,5,2018-05-13T18:40:00+05:30,Spanish Grand Prix,catalunya,Circuit de Barcelona-Catalunya,kevin_magnussen,Kevin Magnussen,Haas F1 Team,7,7,,6,8.0,+1 Lap,1,0,0,1,,,,0,1,22.917,22.917
2018-5,2018,5,2018-05-13T18:40:00+05:30,Spanish Grand Prix,catalunya,Circuit de Barcelona-Catalunya,sainz,Carlos Sainz,Renault,9,9,,7,6.0,+1 Lap,1,0,0,1,,,,0,1,22.409,22.409
2018-5,2018,5,2018-05-13T18:40:00+05:30,Spanish Grand Prix,catalunya,Circuit de Barcelona-Catalunya,alonso,Fernando Alonso,McLaren,8,8,,8,4.0,+1 Lap,1,0,0,1,,,,0,1,21.721,21.721
2018-5,2018,5,2018-05-13T18:40:00+05:30,Spanish Grand Prix,catalunya,Circuit de Barcelona-Catalunya,perez,Sergio Pérez,Force India,15,15,,9,2.0,+2 Laps,1,0,0,1,,,,0,2,22.34,22.242
2018-5,2018,5,2018-05-13T18:40:00+05:30,Spanish Grand Prix,catalunya,Circuit de Barcelona-Catalunya,leclerc,Charles Leclerc,Sauber,14,14,,10,1.0,+2 Laps,1,0,0,1,,,,0,1,21.995,21.995
2018-5,2018,5,2018-05-13T18:40:00+05:30,Spanish Grand Prix,catalunya,Circuit de Barcelona-Catalunya,stroll,Lance Stroll,Williams,18,19,,11,0.0,+2 Laps,1,0,0,0,,,,0,1,21.351,21.351
2018-5,2018,5,2018-05-13T18:40:00+05:30,Spanish Grand Prix,catalunya,Circuit de Barcelona-Catalunya,brendon_hartley,Brendon Hartley,Toro Rosso,20,20,,12,0.0,+2 Laps,1,0,0,0,,,,0,2,22.5515,22.472
2018-5,2018,5,2018-05-13T18:40:00+05:30,Spanish Grand Prix,catalunya,Circuit de Barcelona-Catalunya,ericsson,Marcus Ericsson,Sauber,17,17,,13,0.0,+2 Laps,1,0,0,0,,,,0,1,22.1,22.1
2018-5,2018,5,2018-05-13T18:40:00+05:30,Spanish Grand Prix,catalunya,Circuit de Barcelona-Catalunya,sirotkin,Sergey Sirotkin,Williams,19,18,,14,0.0,+3 Laps,1,0,0,0,,,,0,3,22.64933333333333,22.034
2018-5,2018,5,2018-05-13T18:40:00+05:30,Spanish Grand Prix,catalunya,Circuit de Barcelona-Catalunya,vandoorne,Stoffel Vandoorne,McLaren,11,11,,15,0.0,Gearbox,0,0,0,0,,,,0,1,27.416,27.416
2018-5,2018,5,2018-05-13T18:40:00+05:30,Spanish Grand Prix,catalunya,Circuit de Barcelona-Catalunya,ocon,Esteban Ocon,Force India,13,13,,16,0.0,Oil leak,0,0,0,0,,,,0,1,47.91,47.91
2018-5,2018,5,2018-05-13T18:40:00+05:30,Spanish Grand Prix,catalunya,Circuit de Barcelona-Catalunya,raikkonen,Kimi Räikkönen,Ferrari,4,4,,17,0.0,Turbo,0,0,0,0,,,,0,0,,
2018-5,2018,5,2018-05-13T18:40:00+05:30,Spanish Grand Prix,catalunya,Circuit de Barcelona-Catalunya,grosjean,Romain Grosjean,Haas F1 Team,10,10,,18,0.0,Collision,0,0,0,0,,,,0,0,,
2018-5,2018,5,2018-05-13T18:40:00+05:30,Spanish Grand Prix,catalunya,Circuit de Barcelona-Catalunya,gasly,Pierre Gasly,Toro Rosso,12,12,,19,0.0,Collision,0,0,0,0,,,,0,0,,
2018-5,2018,5,2018-05-13T18:40:00+05:30,Spanish Grand Prix,catalunya,Circuit de Barcelona-Catalunya,hulkenberg,Nico Hülkenberg,Renault,16,16,,20,0.0,Collision,0,0,0,0,,,,0,0,,
2018-6,2018,6,2018-05-27T18:40:00+05:30,Monaco Grand Prix,monaco,Circuit de Monaco,ricciardo,Daniel Ricciardo,Red Bull,1,1,,1,25.0,Finished,1,1,1,1,,,,0,1,24.542,24.542
2018-6,2018,6,2018-05-27T18:40:00+05:30,Monaco Grand Prix,monaco,Circuit de Monaco,vettel,Sebastian Vettel,Ferrari,2,2,,2,18.0,Finished,1,0,1,1,,,,0,1,23.964,23.964
2018-6,2018,6,2018-05-27T18:40:00+05:30,Monaco Grand Prix,monaco,Circuit de Monaco,hamilton,Lewis Hamilton,Mercedes,3,3,,3,15.0,Finished,1,0,1,1,,,,0,1,23.739,23.739
2018-6,2018,6,2018-05-27T18:40:00+05:30,Monaco Grand Prix,monaco,Circuit de Monaco,raikkonen,Kimi Räikkönen,Ferrari,4,4,,4,12.0,Finished,1,0,0,1,,,,0,1,24.263,24.263
2018-6,2018,6,2018-05-27T18:40:00+05:30,Monaco Grand Prix,monaco,Circuit de Monaco,bottas,Valtteri Bottas,Mercedes,5,5,,5,10.0,Finished,1,0,0,1,,,,0,1,24.02,24.02
2018-6,2018,6,2018-05-27T18:40:00+05:30,Monaco Grand Prix,monaco,Circuit de Monaco,ocon,Esteban Ocon,Force India,6,6,,6,8.0,Finished,1,0,0,1,,,,0,1,24.663,24.663
2018-6,2018,6,2018-05-27T18:40:00+05:30,Monaco Grand Prix,monaco,Circuit de Monaco,gasly,Pierre Gasly,Toro Rosso,10,10,,7,6.0,Finished,1,0,0,1,,,,0,1,24.296,24.296
2018-6,2018,6,2018-05-27T18:40:00+05:30,Monaco Grand Prix,monaco,Circuit de Monaco,hulkenberg,Nico Hülkenberg,Renault,11,11,,8,4.0,Finished,1,0,0,1,,,,0,1,25.213,25.213
2018-6,2018,6,2018-05-27T18:40:00+05:30,Monaco Grand Prix,monaco,Circuit de Monaco,max_verstappen,Max Verstappen,Red Bull,20,20,,9,2.0,Finished,1,0,0,1,,,,0,1,24.111,24.111
2018-6,2018,6,2018-05-27T18:40:00+05:30,Monaco Grand Prix,monaco,Circuit de Monaco,sainz,Carlos Sainz,Renault,8,8,,10,1.0,Finished,1,0,0,1,,,,0,1,24.874,24.874
2018-6,2018,6,2018-05-27T18:40:00+05:30,Monaco Grand Prix,monaco,Circuit de Monaco,ericsson,Marcus Ericsson,Sauber,16,17,,11,0.0,Finished,1,0,0,0,,,,0,1,24.291,24.291
2018-6,2018,6,2018-05-27T18:40:00+05:30,Monaco Grand Prix,monaco,Circuit de Monaco,perez,Sergio Pérez,Force India,9,9,,12,0.0,Finished,1,0,0,0,,,,0,1,29.379,29.379
2018-6,2018,6,2018-05-27T18:40:00+05:30,Monaco Grand Prix,monaco,Circuit de Monaco,kevin_magnussen,Kevin Magnussen,Haas F1 Team,19,19,,13,0.0,Finished,1,0,0,0,,,,0,1,24.237,24.237
2018-6,2018,6,2018-05-27T18:40:00+05:30,Monaco Grand Prix,monaco,Circuit de Monaco,vandoorne,Stoffel Vandoorne,McLaren,12,12,,14,0.0,+1 Lap,1,0,0,0,,,,0,2,26.127499999999998,25.438
2018-6,2018,6,2018-05-27T18:40:00+05:30,Monaco Grand Prix,monaco,Circuit de Monaco,grosjean,Romain Grosjean,Haas F1 Team,18,15,,15,0.0,+1 Lap,1,0,0,0,,,,0,2,24.6545,24.568
2018-6,2018,6,2018-05-27T18:40:00+05:30,Monaco Grand Prix,monaco,Circuit de Monaco,sirotkin,Sergey Sirotkin,Williams,13,13,,16,0.0,+1 Lap,1,0,0,0,,,,0,3,27.514333333333337,25.17
2018-6,2018,6,2018-05-27T18:40:00+05:30,Monaco Grand Prix,monaco,Circuit de Monaco,stroll,Lance Stroll,Williams,17,18,,17,0.0,+2 Laps,1,0,0,0,,,,0,3,29.947666666666667,24.852
2018-6,2018,6,2018-05-27T18:40:00+05:30,Monaco Grand Prix,monaco,Circuit de Monaco,leclerc,Charles Leclerc,Sauber,14,14,,18,0.0,Collision,0,0,0,0,,,,0,1,23.87,23.87
2018-6,2018,6,2018-05-27T18:40:00+05:30,Monaco Grand Prix,monaco,Circuit de Monaco,brendon_hartley,Brendon Hartley,Toro Rosso,15,16,,19,0.0,Collision,0,0,0,0,,,,0,1,24.326,24.326
2018-6,2018,6,2018-05-27T18:40:00+05:30,Monaco Grand Prix,monaco,Circuit de Monaco,alonso,Fernando Alonso,McLaren,7,7,,20,0.0,Gearbox,0,0,0,0,,,,0,1,24.241,24.241
2018-7,2018,7,2018-06-10T23:40:00+05:30,Canadian Grand Prix,villeneuve,Circuit Gilles Villeneuve,vettel,Sebastian Vettel,Ferrari,1,1,,1,25.0,Finished,1,1,1,1,,,,0,1,23.529,23.529
2018-7,2018,7,2018-06-10T23:40:00+05:30,Canadian Grand Prix,villeneuve,Circuit Gilles Villeneuve,bottas,Valtteri Bottas,Mercedes,2,2,,2,18.0,Finished,1,0,1,1,,,,0,1,23.775,23.775
2018-7,2018,7,2018-06-10T23:40:00+05:30,Canadian Grand Prix,villeneuve,Circuit Gilles Villeneuve,max_verstappen,Max Verstappen,Red Bull,3,3,,3,15.0,Finished,1,0,1,1,,,,0,1,23.137,23.137
2018-7,2018,7,2018-06-10T23:40:00+05:30,Canadian Grand Prix,villeneuve,Circuit Gilles Villeneuve,ricciardo,Daniel Ricciardo,Red Bull,6,6,,4,12.0,Finished,1,0,0,1,,,,0,1,23.279,23.279
2018-7,2018,7,2018-06-10T23:40:00+05:30,Canadian Grand Prix,villeneuve,Circuit Gilles Villeneuve,hamilton,Lewis Hamilton,Mercedes,4,4,,5,10.0,Finished,1,0,0,1,,,,0,1,23.335,23.335
2018-7,2018,7,2018-06-10T23:40:00+05:30,Canadian Grand Prix,villeneuve,Circuit Gilles Villeneuve,raikkonen,Kimi Räikkönen,Ferrari,5,5,,6,8.0,Finished,1,0,0,1,,,,0,1,23.645,23.645
2018-7,2018,7,2018-06-10T23:40:00+05:30,Canadian Grand Prix,villeneuve,Circuit Gilles Villeneuve,hulkenberg,Nico Hülkenberg,Renault,7,7,,7,6.0,+1 Lap,1,0,0,1,,,,0,1,24.521,24.521
2018-7,2018,7,2018-06-10T23:40:00+05:30,Canadian Grand Prix,villeneuve,Circuit Gilles Villeneuve,sainz,Carlos Sainz,Renault,9,9,,8,4.0,+1 Lap,1,0,0,1,,,,0,1,24.416,24.416
2018-7,2018,7,2018-06-10T23:40:00+05:30,Canadian Grand Prix,villeneuve,Circuit Gilles Villeneuve,ocon,Esteban Ocon,Force India,8,8,,9,2.0,+1 Lap,1,0,0,1,,,,0,1,25.353,25.353
2018-7,2018,7,2018-06-10T23:40:00+05:30,Canadian Grand Prix,villeneuve,Circuit Gilles Villeneuve,leclerc,Charles Leclerc,Sauber,13,13,,10,1.0,+1 Lap,1,0,0,1,,,,0,1,23.666,23.666
2018-7,2018,7,2018-06-10T23:40:00+05:30,Canadian Grand Prix,villeneuve,Circuit Gilles Villeneuve,gasly,Pierre Gasly,Toro Rosso,16,16,,11,0.0,+1 Lap,1,0,0,0,,,,0,1,24.107,24.107
2018-7,2018,7,2018-06-10T23:40:00+05:30,Canadian Grand Prix,villeneuve,Circuit Gilles Villeneuve,grosjean,Romain Grosjean,Haas F1 Team,20,20,,12,0.0,+1 Lap,1,0,0,0,,,,0,1,24.4,24.4
2018-7,2018,7,2018-06-10T23:40:00+05:30,Canadian Grand Prix,villeneuve,Circuit Gilles Villeneuve,kevin_magnussen,Kevin Magnussen,Haas F1 Team,11,11,,13,0.0,+1 Lap,1,0,0,0,,,,0,1,24.008,24.008
2018-7,2018,7,2018-06-10T23:40:00+05:30,Canadian Grand Prix,villeneuve,Circuit Gilles Villeneuve,perez,Sergio Pérez,Force India,10,10,,14,0.0,+1 Lap,1,0,0,0,,,,0,2,23.902,23.718
2018-7,2018,7,2018-06-10T23:40:00+05:30,Canadian Grand Prix,villeneuve,Circuit Gilles Villeneuve,ericsson,Marcus Ericsson,Sauber,19,19,,15,0.0,+2 Laps,1,0,0,0,,,,0,1,23.529,23.529
2018-7,2018,7,2018-06-10T23:40:00+05:30,Canadian Grand Prix,villeneuve,Circuit Gilles Villeneuve,vandoorne,Stoffel Vandoorne,McLaren,15,15,,16,0.0,+2 Laps,1,0,0,0,,,,0,2,32.2725,23.537
2018-7,2018,7,2018-06-10T23:40:00+05:30,Canadian Grand Prix,villeneuve,Circuit Gilles Villeneuve,sirotkin,Sergey Sirotkin,Williams,18,18,,17,0.0,+2 Laps,1,0,0,0,,,,0,1,23.531,23.531
2018-7,2018,7,2018-06-10T23:40:00+05:30,Canadian Grand Prix,villeneuve,Circuit Gilles Villeneuve,alonso,Fernando Alonso,McLaren,14,14,,18,0.0,Exhaust,0,0,0,0,,,,0,1,23.099,23.099
2018-7,2018,7,2018-06-10T23:40:00+05:30,Canadian Grand Prix,villeneuve,Circuit Gilles Villeneuve,brendon_hartley,Brendon Hartley,Toro Rosso,12,12,,19,0.0,Collision,0,0,0,0,,,,0,0,,
2018-7,2018,7,2018-06-10T23:40:00+05:30,Canadian Grand Prix,villeneuve,Circuit Gilles Villeneuve,stroll,Lance Stroll,Williams,17,17,,20,0.0,Collision,0,0,0,0,,,,0,0,,
2018-8,2018,8,2018-06-24T19:40:00+05:30,French Grand Prix,ricard,Circuit Paul Ricard,hamilton,Lewis Hamilton,Mercedes,1,1,,1,25.0,Finished,1,1,1,1,,,,0,1,24.31,24.31
2018-8,2018,8,2018-06-24T19:40:00+05:30,French Grand Prix,ricard,Circuit Paul Ricard,max_verstappen,Max Verstappen,Red Bull,4,4,,2,18.0,Finished,1,0,1,1,,,,0,1,24.395,24.395
2018-8,2018,8,2018-06-24T19:40:00+05:30,French Grand Prix,ricard,Circuit Paul Ricard,raikkonen,Kimi Räikkönen,Ferrari,6,6,,3,15.0,Finished,1,0,1,1,,,,0,1,24.289,24.289
2018-8,2018,8,2018-06-24T19:40:00+05:30,French Grand Prix,ricard,Circuit Paul Ricard,ricciardo,Daniel Ricciardo,Red Bull,5,5,,4,12.0,Finished,1,0,0,1,,,,0,1,24.309,24.309
2018-8,2018,8,2018-06-24T19:40:00+05:30,French Grand Prix,ricard,Circuit Paul Ricard,vettel,Sebastian Vettel,Ferrari,3,3,,5,10.0,Finished,1,0,0,1,,,,0,2,31.820500000000003,31.029
2018-8,2018,8,2018-06-24T19:40:00+05:30,French Grand Prix,ricard,Circuit Paul Ricard,kevin_magnussen,Kevin Magnussen,Haas F1 Team,9,9,,6,8.0,Finished,1,0,0,1,,,,0,1,25.419,25.419
2018-8,2018,8,2018-06-24T19:40:00+05:30,French Grand Prix,ricard,Circuit Paul Ricard,bottas,Valtteri Bottas,Mercedes,2,2,,7,6.0,Finished,1,0,0,1,,,,0,2,29.310499999999998,27.955
2018-8,2018,8,2018-06-24T19:40:00+05:30,French Grand Prix,ricard,Circuit Paul Ricard,sainz,Carlos Sainz,Renault,7,7,,8,4.0,Finished,1,0,0,1,,,,0,1,25.423,25.423
2018-8,2018,8,2018-06-24T19:40:00+05:30,French Grand Prix,ricard,Circuit Paul Ricard,hulkenberg,Nico Hülkenberg,Renault,12,12,,9,2.0,Finished,1,0,0,1,,,,0,1,25.016,25.016
2018-8,2018,8,2018-06-24T19:40:00+05:30,French Grand Prix,ricard,Circuit Paul Ricard,leclerc,Charles Leclerc,Sauber,8,8,,10,1.0,Finished,1,0,0,1,,,,0,1,25.026,25.026
2018-8,2018,8,2018-06-24T19:40:00+05:30,French Grand Prix,ricard,Circuit Paul Ricard,grosjean,Romain Grosjean,Haas F1 Team,10,10,,11,0.0,+1 Lap,1,0,0,0,,,,0,1,29.996,29.996
2018-8,2018,8,2018-06-24T19:40:00+05:30,French Grand Prix,ricard,Circuit Paul Ricard,vandoorne,Stoffel Vandoorne,McLaren,17,18,,12,0.0,+1 Lap,1,0,0,0,,,,0,1,24.399,24.399
2018-8,2018,8,2018-06-24T19:40:00+05:30,French Grand Prix,ricard,Circuit Paul Ricard,ericsson,Marcus Ericsson,Sauber,15,15,,13,0.0,+1 Lap,1,0,0,0,,,,0,1,24.295,24.295
2018-8,2018,8,2018-06-24T19:40:00+05:30,French Grand Prix,ricard,Circuit Paul Ricard,brendon_hartley,Brendon Hartley,Toro Rosso,20,17,,14,0.0,+1 Lap,1,0,0,0,,,,0,1,24.297,24.297
2018-8,2018,8,2018-06-24T19:40:00+05:30,French Grand Prix,ricard,Circuit Paul Ricard,sirotkin,Sergey Sirotkin,Williams,18,19,,15,0.0,+1 Lap,1,0,0,0,,,,0,1,26.273,26.273
2018-8,2018,8,2018-06-24T19:40:00+05:30,French Grand Prix,ricard,Circuit Paul Ricard,alonso,Fernando Alonso,McLaren,16,16,,16,0.0,Wheel,0,0,0,0,,,,0,2,25.2885,24.788
2018-8,2018,8,2018-06-24T19:40:00+05:30,French Grand Prix,ricard,Circuit Paul Ricard,stroll,Lance Stroll,Williams,19,20,,17,0.0,Puncture,0,0,0,0,,,,0,1,26.576,26.576
2018-8,2018,8,2018-06-24T19:40:00+05:30,French Grand Prix,ricard,Circuit Paul Ricard,perez,Sergio Pérez,Force India,13,13,,18,0.0,Engine,0,0,0,0,,,,0,0,,
2018-8,2018,8,2018-06-24T19:40:00+05:30,French Grand Prix,ricard,Circuit Paul Ricard,ocon,Esteban Ocon,Force India,11,11,,19,0.0,Collision,0,0,0,0,,,,0,0,,
2018-8,2018,8,2018-06-24T19:40:00+05:30,French Grand Prix,ricard,Circuit Paul Ricard,gasly,Pierre Gasly,Toro Rosso,14,14,,20,0.0,Collision,0,0,0,0,,,,0,0,,
2018-9,2018,9,2018-07-01T18:40:00+05:30,Austrian Grand Prix,red_bull_ring,Red Bull Ring,max_verstappen,Max Verstappen,Red Bull,4,5,,1,25.0,Finished,1,1,1,1,,,,0,1,21.214,21.214
2018-9,2018,9,2018-07-01T18:40:00+05:30,Austrian Grand Prix,red_bull_ring,Red Bull Ring,raikkonen,Kimi Räikkönen,Ferrari,3,4,,2,18.0,Finished,1,0,1,1,,,,0,1,21.552,21.552
2018-9,2018,9,2018-07-01T18:40:00+05:30,Austrian Grand Prix,red_bull_ring,Red Bull Ring,vettel,Sebastian Vettel,Ferrari,6,3,,3,15.0,Finished,1,0,1,1,,,,0,1,23.912,23.912
2018-9,2018,9,2018-07-01T18:40:00+05:30,Austrian Grand Prix,red_bull_ring,Red Bull Ring,grosjean,Romain Grosjean,Haas F1 Team,5,6,,4,12.0,+1 Lap,1,0,0,1,,,,0,1,22.121,22.121
2018-9,2018,9,2018-07-01T18:40:00+05:30,Austrian Grand Prix,red_bull_ring,Red Bull Ring,kevin_magnussen,Kevin Magnussen,Haas F1 Team,8,8,,5,10.0,+1 Lap,1,0,0,1,,,,0,1,22.138,22.138
2018-9,2018,9,2018-07-01T18:40:00+05:30,Austrian Grand Prix,red_bull_ring,Red Bull Ring,ocon,Esteban Ocon,Force India,11,11,,6,8.0,+1 Lap,1,0,0,1,,,,0,1,22.527,22.527
2018-9,2018,9,2018-07-01T18:40:00+05:30,Austrian Grand Prix,red_bull_ring,Red Bull Ring,perez,Sergio Pérez,Force India,16,17,,7,6.0,+1 Lap,1,0,0,1,,,,0,1,22.863,22.863
2018-9,2018,9,2018-07-01T18:40:00+05:30,Austrian Grand Prix,red_bull_ring,Red Bull Ring,alonso,Fernando Alonso,McLaren,13,14,,8,4.0,+1 Lap,1,0,0,1,,,,0,1,21.588,21.588
2018-9,2018,9,2018-07-01T18:40:00+05:30,Austrian Grand Prix,red_bull_ring,Red Bull Ring,leclerc,Charles Leclerc,Sauber,18,13,,9,2.0,+1 Lap,1,0,0,1,,,,0,1,21.364,21.364
2018-9,2018,9,2018-07-01T18:40:00+05:30,Austrian Grand Prix,red_bull_ring,Red Bull Ring,ericsson,Marcus Ericsson,Sauber,20,20,,10,1.0,+1 Lap,1,0,0,1,,,,0,1,21.519,21.519
2018-9,2018,9,2018-07-01T18:40:00+05:30,Austrian Grand Prix,red_bull_ring,Red Bull Ring,gasly,Pierre Gasly,Toro Rosso,12,12,,11,0.0,+1 Lap,1,0,0,0,,,,0,1,22.011,22.011
2018-9,2018,9,2018-07-01T18:40:00+05:30,Austrian Grand Prix,red_bull_ring,Red Bull Ring,sainz,Carlos Sainz,Renault,9,9,,12,0.0,+1 Lap,1,0,0,0,,,,0,2,24.796,23.257
2018-9,2018,9,2018-07-01T18:40:00+05:30,Austrian Grand Prix,red_bull_ring,Red Bull Ring,sirotkin,Sergey Sirotkin,Williams,17,18,,13,0.0,+2 Laps,1,0,0,0,,,,0,2,23.966,23.048
2018-9,2018,9,2018-07-01T18:40:00+05:30,Austrian Grand Prix,red_bull_ring,Red Bull Ring,stroll,Lance Stroll,Williams,14,15,,14,0.0,+2 Laps,1,0,0,0,,,,0,2,22.240000000000002,22.181
2018-9,2018,9,2018-07-01T18:40:00+05:30,Austrian Grand Prix,red_bull_ring,Red Bull Ring,vandoorne,Stoffel Vandoorne,McLaren,15,16,,15,0.0,Collision damage,0,0,0,0,,,,0,2,34.5415,22.526
2018-9,2018,9,2018-07-01T18:40:00+05:30,Austrian Grand Prix,red_bull_ring,Red Bull Ring,hamilton,Lewis Hamilton,Mercedes,2,2,,16,0.0,Fuel pressure,0,0,0,0,,,,0,2,21.1125,20.98
2018-9,2018,9,2018-07-01T18:40:00+05:30,Austrian Grand Prix,red_bull_ring,Red Bull Ring,brendon_hartley,Brendon Hartley,Toro Rosso,19,19,,17,0.0,Hydraulics,0,0,0,0,,,,0,0,,
2018-9,2018,9,2018-07-01T18:40:00+05:30,Austrian Grand Prix,red_bull_ring,Red Bull Ring,ricciardo,Daniel Ricciardo,Red Bull,7,7,,18,0.0,Exhaust,0,0,0,0,,,,0,2,21.6045,21.259
2018-9,2018,9,2018-07-01T18:40:00+05:30,Austrian Grand Prix,red_bull_ring,Red Bull Ring,bottas,Valtteri Bottas,Mercedes,1,1,,19,0.0,Hydraulics,0,0,0,0,,,,0,0,,
2018-9,2018,9,2018-07-01T18:40:00+05:30,Austrian Grand Prix,red_bull_ring,Red Bull Ring,hulkenberg,Nico Hülkenberg,Renault,10,10,,20,0.0,Engine,0,0,0,0,,,,0,0,,
2018-10,2018,10,2018-07-08T18:40:00+05:30,British Grand Prix,silverstone,Silverstone Circuit,vettel,Sebastian Vettel,Ferrari,2,2,,1,25.0,Finished,1,1,1,1,,,,0,2,28.4255,28.174
2018-10,2018,10,2018-07-08T18:40:00+05:30,British Grand Prix,silverstone,Silverstone Circuit,hamilton,Lewis Hamilton,Mercedes,1,1,,2,18.0,Finished,1,0,1,1,,,,0,1,28.982,28.982
2018-10,2018,10,2018-07-08T18:40:00+05:30,British Grand Prix,silverstone,Silverstone Circuit,raikkonen,Kimi Räikkönen,Ferrari,3,3,,3,15.0,Finished,1,0,1,1,,,,0,2,33.778999999999996,28.985
2018-10,2018,10,2018-07-08T18:40:00+05:30,British Grand Prix,silverstone,Silverstone Circuit,bottas,Valtteri Bottas,Mercedes,4,4,,4,12.0,Finished,1,0,0,1,,,,0,1,27.894,27.894
2018-10,2018,10,2018-07-08T18:40:00+05:30,British Grand Prix,silverstone,Silverstone Circuit,ricciardo,Daniel Ricciardo,Red Bull,6,6,,5,10.0,Finished,1,0,0,1,,,,0,2,28.0975,28.001
2018-10,2018,10,2018-07-08T18:40:00+05:30,British Grand Prix,silverstone,Silverstone Circuit,hulkenberg,Nico Hülkenberg,Renault,11,11,,6,8.0,Finished,1,0,0,1,,,,0,1,28.719,28.719
2018-10,2018,10,2018-07-08T18:40:00+05:30,British Grand Prix,silverstone,Silverstone Circuit,ocon,Esteban Ocon,Force India,10,10,,7,6.0,Finished,1,0,0,1,,,,0,1,29.41,29.41
2018-10,2018,10,2018-07-08T18:40:00+05:30,British Grand Prix,silverstone,Silverstone Circuit,alonso,Fernando Alonso,McLaren,13,13,,8,4.0,Finished,1,0,0,1,,,,0,2,28.377000000000002,28.085
2018-10,2018,10,2018-07-08T18:40:00+05:30,British Grand Prix,silverstone,Silverstone Circuit,kevin_magnussen,Kevin Magnussen,Haas F1 Team,7,7,,9,2.0,Finished,1,0,0,1,,,,0,1,28.45,28.45
2018-10,2018,10,2018-07-08T18:40:00+05:30,British Grand Prix,silverstone,Silverstone Circuit,perez,Sergio Pérez,Force India,12,12,,10,1.0,Finished,1,0,0,1,,,,0,2,28.743499999999997,28.651
2018-10,2018,10,2018-07-08T18:40:00+05:30,British Grand Prix,silverstone,Silverstone Circuit,vandoorne,Stoffel Vandoorne,McLaren,17,17,,11,0.0,Finished,1,0,0,0,,,,0,2,28.471,28.284
2018-10,2018,10,2018-07-08T18:40:00+05:30,British Grand Prix,silverstone,Silverstone Circuit,stroll,Lance Stroll,Williams,19,19,,12,0.0,Finished,1,0,0,0,,,,0,1,27.774,27.774
2018-10,2018,10,2018-07-08T18:40:00+05:30,British Grand Prix,silverstone,Silverstone Circuit,gasly,Pierre Gasly,Toro Rosso,14,14,,13,0.0,Finished,1,0,0,0,,,,0,2,29.220999999999997,28.676
2018-10,2018,10,2018-07-08T18:40:00+05:30,British Grand Prix,silverstone,Silverstone Circuit,sirotkin,Sergey Sirotkin,Williams,18,18,,14,0.0,Finished,1,0,0,0,,,,0,1,28.224,28.224
2018-10,2018,10,2018-07-08T18:40:00+05:30,British Grand Prix,silverstone,Silverstone Circuit,max_verstappen,Max Verstappen,Red Bull,5,5,,15,0.0,Brakes,0,0,0,0,,,,0,1,28.458,28.458
2018-10,2018,10,2018-07-08T18:40:00+05:30,British Grand Prix,silverstone,Silverstone Circuit,grosjean,Romain Grosjean,Haas F1 Team,8,8,,16,0.0,Collision,0,0,0,0,,,,0,1,29.254,29.254
2018-10,2018,10,2018-07-08T18:40:00+05:30,British Grand Prix,silverstone,Silverstone Circuit,sainz,Carlos Sainz,Renault,16,16,,17,0.0,Collision,0,0,0,0,,,,0,2,28.576,28.078
2018-10,2018,10,2018-07-08T18:40:00+05:30,British Grand Prix,silverstone,Silverstone Circuit,ericsson,Marcus Ericsson,Sauber,15,15,,18,0.0,Accident,0,0,0,0,,,,0,1,28.207,28.207
2018-10,2018,10,2018-07-08T18:40:00+05:30,British Grand Prix,silverstone,Silverstone Circuit,leclerc,Charles Leclerc,Sauber,9,9,,19,0.0,Tyre,0,0,0,0,,,,0,1,27.865,27.865
2018-10,2018,10,2018-07-08T18:40:00+05:30,British Grand Prix,silverstone,Silverstone Circuit,brendon_hartley,Brendon Hartley,Toro Rosso,20,20,,20,0.0,Power Unit,0,0,0,0,,,,0,0,,
